person_ID,first,last,middle,email,phone
2342,Liz,Austin,,AustinL@example.org,963.555.4305
3297,Damien,Avila,,AvilaD@example.org,963.555.1352
1567,Shannon,Banks,,BanksS@example.org,963.555.7198
3066,Cleo,Barnes,,BarnesC@example.org,963.555.7463x7335
2948,Johnathan,Baxter,Browning,BaxterJ@example.org,963.555.5902
3929,Jami,Berger,,BergerJ@example.org,963.555.8158
2426,Nellie,Brady,,BradyN@example.org,963.555.7569
2941,Heath,Brian,Pruitt,BrianH@example.org,963.555.2800
2389,Rose,Buckley,,BuckleyR@example.org,963.555.6855x5018
3130,Rosella,Burks,,BurksR@example.org,963.555.1253
2096,Lloyd,Chuck,Haney,ChuckL@example.org,963.555.5568x2652
2401,Elvin,Claude,Haney,ClaudeE@example.org,963.555.2902
2811,Florence,Deirdre,Barrera,DeirdreF@example.org,963.555.6319
2561,Antoine,Derek,Mccoy,DerekA@example.org,963.555.2992
3903,Ann,Dunlap,,DunlapA@example.org,963.555.9067
2682,Jaime,Earline,Fitzgerald,EarlineJ@example.org,963.555.8357
2254,Leila,Effie,Vinson,EffieL@example.org,963.555.6824
3112,Summer,Evelyn,Frost,EvelynS@example.org,963.555.8895
4580,Toby,Fernando,Calderon,FernandoT@example.org,963.555.6469
2895,Patrica,Garrison,,GarrisonP@example.org,963.555.6760
3012,Adam,Grant,,GrantA@example.org,963.555.7775
1625,Callie,Hawkins,,HawkinsC@example.org,963.555.3350x6480
1824,Kurtis,Head,,HeadK@example.org,963.555.7882
2217,Ruben,Katheryn,Holt,KatherynR@example.org,963.555.7578
3958,Elba,Kaufman,,KaufmanE@example.org,963.555.9507
2755,Reba,Kendrick,Alford,KendrickR@example.org,963.555.4618x7744
1968,Dianne,Michael,,MichaelD@example.org,963.555.7592
1538,Edgar,Moises,Estes,MoisesE@example.org,963.555.2731x3565
2070,Edmund,Mosley,,MosleyE@example.org,963.555.2945
3544,Kimberly,Mullins,,MullinsK@example.org,963.555.5471x1017
3547,Robin,Olsen,,OlsenR@example.org,963.555.1378
2383,Winnie,Page,,PageW@example.org,963.555.9366
1307,Andrea,Pate,,PateA@example.org,963.555.3723
1089,Ladonna,Payne,,PayneL@example.org,963.555.5639
2303,Sam,Quentin,Hyde,QuentinS@example.org,963.555.8921
3095,Rich,Shields,Pena,ShieldsR@example.org,963.555.9197
4150,Angelina,Sims,,SimsA@example.org,963.555.5278
2146,Ezra,Sparks,,SparksE@example.org,963.555.9390
1699,Kathie,Stanton,,StantonK@example.org,963.555.7095
4539,Gilbert,Weiss,,WeissG@example.org,963.555.5969
4540,Johnathan,Austin,,AustinJohnathan@example.org,963.555.5970
4541,Jami,Avila,,AvilaJami@example.org,963.555.5971
4542,Nellie,Banks,,BanksNellie@example.org,963.555.5972
4543,Heath,Barnes,,BarnesHeath@example.org,963.555.5973
4544,Rose,Baxter,,BaxterRose@example.org,963.555.5974
4545,Rosella,Berger,,BergerRosella@example.org,963.555.5975
4546,Lloyd,Brady,,BradyLloyd@example.org,963.555.5976
4547,Elvin,Brian,,BrianElvin@example.org,963.555.5977
4548,Reba,Buckley,,BuckleyReba@example.org,963.555.5978
4549,Dianne,Burks,,BurksDianne@example.org,963.555.5979